Workbook

Sheet Trade Data
A1: Transaction ID | B1: Client Name | C1: Transaction Type | D1: Amount | E1: Date | F1: Status | G1: Notes | H1: Issue Category | I1: Days Pending | J1: Escalate | L1: As-of-date | M1: =DATE(2024,7,14) -> 45487
A2: TXN001 | B2: Client A | C2: Buy | D2: 2750000 | E2: 45474 | F2: Pending | G2: Awaiting funds transfer | H2: =IF(F2<>"Pending","",IF(ISNUMBER(SEARCH("fund",G2)),"Funding",IF(OR(ISNUMBER(SEARCH("compliance",G2)),ISNUMBER(SEARCH("approval",G2)),ISNUMBER(SEARCH("documentation",G2))),"Compliance / Approval / Docs",IF(ISNUMBER(SEARCH("technical",G2)),"Technical","Other")))) -> Funding | J2: =IF(I2="","",IF(I2>3,"Escalate","OK"))
A3: TXN002 | B3: Client B | C3: Sell | D3: 600000 | E3: 45475 | F3: Pending | G3: Awaiting documentation | H3: =IF(F3<>"Pending","",IF(ISNUMBER(SEARCH("fund",G3)),"Funding",IF(OR(ISNUMBER(SEARCH("compliance",G3)),ISNUMBER(SEARCH("approval",G3)),ISNUMBER(SEARCH("documentation",G3))),"Compliance / Approval / Docs",IF(ISNUMBER(SEARCH("technical",G3)),"Technical","Other")))) -> Compliance / Approval / Docs
A4: TXN003 | B4: Client A | C4: Sell | D4: 650000 | E4: 45476 | F4: Completed | G4: Settled successfully | H4: =IF(F4<>"Pending","",IF(ISNUMBER(SEARCH("fund",G4)),"Funding",IF(OR(ISNUMBER(SEARCH("compliance",G4)),ISNUMBER(SEARCH("approval",G4)),ISNUMBER(SEARCH("documentation",G4))),"Compliance / Approval / Docs",IF(ISNUMBER(SEARCH("technical",G4)),"Technical","Other"))))
A5: TXN004 | B5: Client B | C5: Buy | D5: 1000000 | E5: 45477 | F5: Pending | G5: Awaiting approval | H5: =IF(F5<>"Pending","",IF(ISNUMBER(SEARCH("fund",G5)),"Funding",IF(OR(ISNUMBER(SEARCH("compliance",G5)),ISNUMBER(SEARCH("approval",G5)),ISNUMBER(SEARCH("documentation",G5))),"Compliance / Approval / Docs",IF(ISNUMBER(SEARCH("technical",G5)),"Technical","Other")))) -> Compliance / Approval / Docs
A6: TXN005 | B6: Client B | C6: Buy | D6: 2750000 | E6: 45478 | F6: Completed | G6: Settled successfully | H6: =IF(F6<>"Pending","",IF(ISNUMBER(SEARCH("fund",G6)),"Funding",IF(OR(ISNUMBER(SEARCH("compliance",G6)),ISNUMBER(SEARCH("approval",G6)),ISNUMBER(SEARCH("documentation",G6))),"Compliance / Approval / Docs",IF(ISNUMBER(SEARCH("technical",G6)),"Technical","Other"))))
A7: TXN006 | B7: Client A | C7: Buy | D7: 2100000 | E7: 45479 | F7: Completed | G7: Settled successfully | H7: =IF(F7<>"Pending","",IF(ISNUMBER(SEARCH("fund",G7)),"Funding",IF(OR(ISNUMBER(SEARCH("compliance",G7)),ISNUMBER(SEARCH("approval",G7)),ISNUMBER(SEARCH("documentation",G7))),"Compliance / Approval / Docs",IF(ISNUMBER(SEARCH("technical",G7)),"Technical","Other"))))
A8: TXN007 | B8: Client B | C8: Sell | D8: 1400000 | E8: 45480 | F8: Completed | G8: Settled successfully | H8: =IF(F8<>"Pending","",IF(ISNUMBER(SEARCH("fund",G8)),"Funding",IF(OR(ISNUMBER(SEARCH("compliance",G8)),ISNUMBER(SEARCH("approval",G8)),ISNUMBER(SEARCH("documentation",G8))),"Compliance / Approval / Docs",IF(ISNUMBER(SEARCH("technical",G8)),"Technical","Other"))))
A9: TXN008 | B9: Client B | C9: Buy | D9: 2600000 | E9: 45481 | F9: Completed | G9: Settled successfully | H9: =IF(F9<>"Pending","",IF(ISNUMBER(SEARCH("fund",G9)),"Funding",IF(OR(ISNUMBER(SEARCH("compliance",G9)),ISNUMBER(SEARCH("approval",G9)),ISNUMBER(SEARCH("documentation",G9))),"Compliance / Approval / Docs",IF(ISNUMBER(SEARCH("technical",G9)),"Technical","Other"))))
A10: TXN009 | B10: Client C | C10: Buy | D10: 1550000 | E10: 45482 | F10: Completed | G10: Settled successfully | H10: =IF(F10<>"Pending","",IF(ISNUMBER(SEARCH("fund",G10)),"Funding",IF(OR(ISNUMBER(SEARCH("compliance",G10)),ISNUMBER(SEARCH("approval",G10)),ISNUMBER(SEARCH("documentation",G10))),"Compliance / Approval / Docs",IF(ISNUMBER(SEARCH("technical",G10)),"Technical","Other"))))
A11: TXN010 | B11: Client B | C11: Sell | D11: 3200000 | E11: 45483 | F11: Pending | G11: Pending due to compliance review | H11: =IF(F11<>"Pending","",IF(ISNUMBER(SEARCH("fund",G11)),"Funding",IF(OR(ISNUMBER(SEARCH("compliance",G11)),ISNUMBER(SEARCH("approval",G11)),ISNUMBER(SEARCH("documentation",G11))),"Compliance / Approval / Docs",IF(ISNUMBER(SEARCH("technical",G11)),"Technical","Other")))) -> Compliance / Approval / Docs
A12: TXN011 | B12: Client A | C12: Buy | D12: 1800000 | E12: 45484 | F12: Completed | G12: Settled successfully | H12: =IF(F12<>"Pending","",IF(ISNUMBER(SEARCH("fund",G12)),"Funding",IF(OR(ISNUMBER(SEARCH("compliance",G12)),ISNUMBER(SEARCH("approval",G12)),ISNUMBER(SEARCH("documentation",G12))),"Compliance / Approval / Docs",IF(ISNUMBER(SEARCH("technical",G12)),"Technical","Other"))))
A13: TXN012 | B13: Client A | C13: Sell | D13: 2400000 | E13: 45485 | F13: Pending | G13: Awaiting documentation | H13: =IF(F13<>"Pending","",IF(ISNUMBER(SEARCH("fund",G13)),"Funding",IF(OR(ISNUMBER(SEARCH("compliance",G13)),ISNUMBER(SEARCH("approval",G13)),ISNUMBER(SEARCH("documentation",G13))),"Compliance / Approval / Docs",IF(ISNUMBER(SEARCH("technical",G13)),"Technical","Other")))) -> Compliance / Approval / Docs
A14: TXN013 | B14: Client D | C14: Buy | D14: 3500000 | E14: 45486 | F14: Completed | G14: Settled successfully | H14: =IF(F14<>"Pending","",IF(ISNUMBER(SEARCH("fund",G14)),"Funding",IF(OR(ISNUMBER(SEARCH("compliance",G14)),ISNUMBER(SEARCH("approval",G14)),ISNUMBER(SEARCH("documentation",G14))),"Compliance / Approval / Docs",IF(ISNUMBER(SEARCH("technical",G14)),"Technical","Other"))))
... A56: TXN055 | B56: Client A | C56: Buy | D56: 900000 | E56: 45486 | F56: Completed | G56: Settled successfully | H56: =IF(F56<>"Pending","",IF(ISNUMBER(SEARCH("fund",G56)),"Funding",IF(OR(ISNUMBER(SEARCH("compliance",G56)),ISNUMBER(SEARCH("approval",G56)),ISNUMBER(SEARCH("documentation",G56))),"Compliance / Approval / Docs",IF(ISNUMBER(SEARCH("technical",G56)),"Technical","Other"))))

Sheet SummaryTota
A1: Total Trades | B1: =COUNTA('Trade Data'!A2:A56) -> 55
A2: Pending Trades | B2: =COUNTIF('Trade Data'!F2:F56,"Pending") -> 27
A3: Completed Trades | B3: =COUNTIF('Trade Data'!F2:F56,"Completed") -> 28
A4: Total Value | B4: =SUM('Trade Data'!D2:D56) -> 108750000
A5: Pending Value% | B5: =SUMIFS('Trade Data'!D2:D56,'Trade Data'!F2:F56,"Pending") -> 53800000
A6: Trades Pending % | B6: =B2/B1 -> 0.49090909
A7: Value Pending | B7: =B5/B4 -> 0.49471264

Sheet By Client
A1: Status | B1: Pending
A3: Client Name | B3: Sum of Amount
A4: Client A | B4: 16500000
A5: Client B | B5: 27250000
A6: Client C | B6: 6900000
A7: Client D | B7: 3150000
A8: Grand Total | B8: 53800000

Sheet By Issue
A3: Issue Category | B3: Sum of Amount
A4: Compliance / Approval / Docs | B4: 43100000
A5: Funding | B5: 7050000
A6: Other | B6: 2500000
A7: Technical | B7: 1150000
A8: Grand Total | B8: 53800000

Sheet Findings
F1: Trade Fail Analysis
A2: Prepared by : Aryaditya Majumdar
A3: Date | B3: 46366
A4: Note- I did this analysis using with sample data (not real client or bank data)
A6: 1.Problem
A7: Many trades are not settling on time.I analysed 55 trades to find the main causes of failed trades and which clients are most affected.
A9: 2.Key Numbers
A10: Total Trades: 55
A11: Pending Trades :27(49%)
A12: Pending Value: $53.8M
A14: 3.Charts
A48: 4. Findings
A50: 1. Compliance approval and document delays are the biggest cause:$41.1M ( 80% of pending value)
A51: 2. Funding problems are $7.05M (13%)
A52: 3. Client B has the most pending value: $27.25M (51%), then Client A: $16.5M.
... A60: 3.Set the limits for approvals and escalate automatically when the limit is missed.
